模型,Fold1,Fold2,Fold3,Fold4,Fold5,平均AUC,标准差
LogisticRegression,0.7355932203389831,0.7450847457627119,0.7213559322033898,0.7735593220338983,0.7471186440677966,0.7445423728813558,0.017126663669432215
RandomForest,0.7667796610169492,0.7844067796610169,0.6867796610169491,0.7220338983050848,0.7864406779661017,0.7492881355932204,0.03890934816104898
XGBoost,0.7667796610169492,0.7267796610169491,0.6583050847457628,0.7125423728813559,0.807457627118644,0.7343728813559323,0.05042244977725481
LightGBM,0.7552542372881356,0.6542372881355932,0.6637288135593221,0.744406779661017,0.791864406779661,0.7218983050847457,0.05380744927277419
CatBoost,0.7613559322033898,0.7457627118644068,0.6766101694915254,0.7206779661016949,0.8067796610169491,0.7422372881355932,0.04316339219454061
