模型,50次CV AUC均值,标准差
LogisticRegression,0.8076881355932204,0.04401260898960455
RandomForest,0.8153220338983052,0.04279894271206826
XGBoost,0.8186305084745763,0.04275192955422035
ExtraTrees,0.8088406779661018,0.043638474020333565
Voting Ensemble,0.8213966101694916,0.043433698163612165
